timestamp,sensor,checksum,bias_x_g,bias_y_g,bias_z_g,scale_x,scale_y,scale_z,orientations,dof,residual_rms_g,worst_tilt_deg,worst_scatter_mg,plate_residual_deg,verdict
20260828_164539,CENTRE,5EE243EC,-0.002942,-0.013095,0.006935,0.996091,0.997616,0.992963,9,3,2.142e-04,7.44,8.01,,pass
20260828_164539,LEFT,C384BFCB,0.006898,-0.010504,0.021355,0.994162,0.996893,0.991427,9,3,6.256e-04,5.69,9.43,,pass
20260828_164539,RIGHT,4CE27943,-0.000648,-0.017759,0.018463,0.996050,0.996454,0.992617,9,3,4.019e-04,4.73,9.28,,pass
20260828_165353,CENTRE,484F6C99,-0.002821,-0.013352,0.006782,0.996057,0.997261,0.993053,9,3,2.372e-04,8.79,5.86,,pass
20260828_165353,LEFT,1849BAA0,0.007158,-0.010739,0.021324,0.994245,0.996522,0.991676,9,3,6.151e-04,10.26,7.03,,pass
20260828_165353,RIGHT,C4FFFA6E,-0.000467,-0.018018,0.018625,0.996088,0.996264,0.993066,9,3,3.616e-04,10.18,6.27,,pass
20260828_173108,CENTRE,2010FBA5,-0.003162,-0.013185,0.006926,0.995880,0.997670,0.993089,9,3,2.558e-04,3.49,7.25,0.12,pass
20260828_173108,LEFT,A22C9EDE,0.006601,-0.010827,0.021683,0.994206,0.997041,0.991841,9,3,3.886e-04,4.91,8.80,0.19,pass
20260828_173108,RIGHT,143300AC,-0.000360,-0.017712,0.018442,0.996110,0.996395,0.993019,9,3,1.807e-04,4.60,6.13,0.19,pass
